{"stats":{"minecraft:used":{"minecraft:stone_pickaxe":46,"minecraft:rotten_flesh":1,"minecraft:stone_axe":10,"minecraft:dirt":2,"minecraft:cobblestone":2,"minecraft:purple_bed":1,"minecraft:cooked_porkchop":4,"minecraft:egg":4},"minecraft:picked_up":{"minecraft:raw_iron":17,"minecraft:wooden_pickaxe":1,"minecraft:porkchop":3,"minecraft:white_bed":1,"minecraft:shield":1,"minecraft:cornflower":1,"minecraft:dirt":2,"minecraft:bone":2,"minecraft:arrow":3,"minecraft:purple_bed":1,"minecraft:rotten_flesh":1,"minecraft:bow":1,"minecraft:stone_axe":1,"minecraft:wheat_seeds":1,"minecraft:cobbled_deepslate":8,"minecraft:stone_pickaxe":1,"minecraft:poppy":1,"minecraft:oak_planks":1,"minecraft:cobblestone":21,"minecraft:egg":4},"minecraft:killed":{"minecraft:skeleton":2,"minecraft:pig":1},"minecraft:mined":{"minecraft:purple_bed":1,"minecraft:iron_ore":2,"minecraft:cornflower":1,"minecraft:grass":5,"minecraft:grass_block":2,"minecraft:poppy":1,"minecraft:deepslate_iron_ore":15,"minecraft:stone":21,"minecraft:deepslate":8,"minecraft:fern":2},"minecraft:custom":{"minecraft:time_since_rest":8938,"minecraft:interact_with_furnace":2,"minecraft:sprint_one_cm":33178,"minecraft:damage_taken":358,"minecraft:walk_one_cm":54154,"minecraft:mob_kills":3,"minecraft:damage_dealt":524,"minecraft:swim_one_cm":5630,"minecraft:fly_one_cm":49963,"minecraft:crouch_one_cm":518,"minecraft:play_time":20457,"minecraft:sneak_time":212,"minecraft:walk_under_water_one_cm":12778,"minecraft:jump":341,"minecraft:leave_game":2,"minecraft:walk_on_water_one_cm":6675,"minecraft:time_since_death":20457,"minecraft:sleep_in_bed":6,"minecraft:total_world_time":20457,"minecraft:climb_one_cm":436,"minecraft:fall_one_cm":12993},"minecraft:crafted":{"minecraft:blue_dye":1,"minecraft:red_dye":1,"minecraft:cooked_porkchop":5,"minecraft:purple_dye":2,"minecraft:purple_bed":1}},"DataVersion":2975}