{"stats":{"minecraft:used":{"minecraft:cooked_mutton":2,"minecraft:stone_pickaxe":123,"minecraft:wooden_pickaxe":9,"minecraft:torch":3,"minecraft:white_wool":1,"minecraft:stone_axe":43,"minecraft:dirt":19,"minecraft:crafting_table":2,"minecraft:furnace":1,"minecraft:white_bed":1},"minecraft:picked_up":{"minecraft:crafting_table":2,"minecraft:stick":3,"minecraft:raw_iron":3,"minecraft:jungle_log":7,"minecraft:brown_wool":1,"minecraft:torch":3,"minecraft:porkchop":11,"minecraft:jungle_planks":4,"minecraft:oak_log":4,"minecraft:white_bed":1,"minecraft:dirt":19,"minecraft:rotten_flesh":1,"minecraft:beef":5,"minecraft:light_gray_wool":1,"minecraft:oak_sapling":1,"minecraft:white_wool":8,"minecraft:mutton":15,"minecraft:coal":95,"minecraft:cobblestone":32,"minecraft:furnace":1},"minecraft:killed":{"minecraft:horse":1,"minecraft:sheep":10,"minecraft:zombie":1,"minecraft:pig":7,"minecraft:cow":3},"minecraft:mined":{"minecraft:white_bed":1,"minecraft:furnace":1,"minecraft:iron_ore":3,"minecraft:torch":1,"minecraft:crafting_table":2,"minecraft:grass":13,"minecraft:grass_block":6,"minecraft:oak_log":4,"minecraft:coal_ore":95,"minecraft:vine":2,"minecraft:jungle_log":7,"minecraft:dirt":13,"minecraft:stone":32,"minecraft:wall_torch":2,"minecraft:oak_leaves":8,"minecraft:fern":2},"minecraft:custom":{"minecraft:time_since_rest":6607,"minecraft:interact_with_furnace":5,"minecraft:sprint_one_cm":29240,"minecraft:damage_taken":50,"minecraft:walk_one_cm":28041,"minecraft:mob_kills":22,"minecraft:damage_dealt":2079,"minecraft:interact_with_crafting_table":6,"minecraft:fly_one_cm":62969,"minecraft:crouch_one_cm":11713,"minecraft:play_time":30601,"minecraft:sneak_time":4468,"minecraft:jump":340,"minecraft:leave_game":12,"minecraft:time_since_death":30601,"minecraft:sleep_in_bed":1,"minecraft:total_world_time":30601,"minecraft:climb_one_cm":580,"minecraft:fall_one_cm":10554},"minecraft:crafted":{"minecraft:oak_planks":16,"minecraft:crafting_table":1,"minecraft:stick":20,"minecraft:iron_pickaxe":1,"minecraft:iron_ingot":3,"minecraft:wooden_pickaxe":1,"minecraft:stone_pickaxe":1,"minecraft:furnace":1,"minecraft:white_bed":1,"minecraft:torch":12,"minecraft:stone_axe":1,"minecraft:air":0,"minecraft:cooked_mutton":10,"minecraft:jungle_planks":28}},"DataVersion":2975}