{"stats":{"minecraft:mined":{"minecraft:grass":2,"minecraft:acacia_log":4},"minecraft:custom":{"minecraft:time_since_rest":2407,"minecraft:crouch_one_cm":967,"minecraft:leave_game":2,"minecraft:play_time":2407,"minecraft:sprint_one_cm":390,"minecraft:time_since_death":2407,"minecraft:walk_one_cm":473,"minecraft:sneak_time":338,"minecraft:total_world_time":2407,"minecraft:fall_one_cm":209,"minecraft:fly_one_cm":1318,"minecraft:jump":6},"minecraft:crafted":{"minecraft:acacia_planks":16},"minecraft:picked_up":{"minecraft:acacia_log":4}},"DataVersion":2975}