{"stats":{"minecraft:used":{"minecraft:stone_pickaxe":87,"minecraft:wooden_pickaxe":9,"minecraft:stone_axe":23,"minecraft:white_wool":1,"minecraft:dirt":1,"minecraft:crafting_table":2,"minecraft:furnace":1},"minecraft:killed":{"minecraft:sheep":6,"minecraft:zombie":1,"minecraft:pig":3,"minecraft:cow":3},"minecraft:picked_up":{"minecraft:raw_iron":2,"minecraft:stick":3,"minecraft:crafting_table":1,"minecraft:jungle_log":7,"minecraft:porkchop":4,"minecraft:oak_log":4,"minecraft:dirt":18,"minecraft:rotten_flesh":1,"minecraft:beef":5,"minecraft:oak_sapling":1,"minecraft:coal":65,"minecraft:mutton":10,"minecraft:white_wool":6,"minecraft:cobblestone":28},"minecraft:mined":{"minecraft:iron_ore":2,"minecraft:crafting_table":1,"minecraft:grass":9,"minecraft:coal_ore":65,"minecraft:grass_block":5,"minecraft:oak_log":4,"minecraft:vine":2,"minecraft:jungle_log":7,"minecraft:dirt":13,"minecraft:stone":28,"minecraft:oak_leaves":7,"minecraft:fern":2},"minecraft:custom":{"minecraft:time_since_rest":21614,"minecraft:interact_with_furnace":3,"minecraft:sprint_one_cm":17498,"minecraft:damage_taken":25,"minecraft:walk_one_cm":13475,"minecraft:mob_kills":13,"minecraft:damage_dealt":1190,"minecraft:interact_with_crafting_table":4,"minecraft:fly_one_cm":38238,"minecraft:crouch_one_cm":9314,"minecraft:play_time":21614,"minecraft:sneak_time":3575,"minecraft:jump":183,"minecraft:leave_game":12,"minecraft:time_since_death":21614,"minecraft:climb_one_cm":516,"minecraft:total_world_time":21614,"minecraft:fall_one_cm":5968},"minecraft:crafted":{"minecraft:oak_planks":16,"minecraft:crafting_table":1,"minecraft:stick":16,"minecraft:wooden_pickaxe":1,"minecraft:stone_pickaxe":1,"minecraft:furnace":1,"minecraft:torch":12,"minecraft:stone_axe":1,"minecraft:jungle_planks":28}},"DataVersion":2975}