{"stats":{"minecraft:used":{"minecraft:cooked_mutton":5,"minecraft:stone_pickaxe":131,"minecraft:wooden_pickaxe":9,"minecraft:white_wool":1,"minecraft:torch":19,"minecraft:dirt":19,"minecraft:crafting_table":6,"minecraft:white_bed":2,"minecraft:iron_pickaxe":43,"minecraft:stone_axe":85,"minecraft:furnace":3,"minecraft:egg":1,"minecraft:cobbled_deepslate":1},"minecraft:broken":{"minecraft:stone_pickaxe":1},"minecraft:killed":{"minecraft:pig":10,"minecraft:skeleton":1,"minecraft:sheep":11,"minecraft:horse":1,"minecraft:zombie":1,"minecraft:chicken":3,"minecraft:cow":7},"minecraft:picked_up":{"minecraft:crafting_table":4,"minecraft:feather":3,"minecraft:chicken":3,"minecraft:jungle_log":7,"minecraft:brown_wool":1,"minecraft:leather":4,"minecraft:oak_log":4,"minecraft:lapis_lazuli":8,"minecraft:dirt":19,"minecraft:bone":1,"minecraft:wheat_seeds":3,"minecraft:cobbled_deepslate":2,"minecraft:raw_gold":7,"minecraft:beef":11,"minecraft:light_gray_wool":1,"minecraft:sugar_cane":33,"minecraft:oak_planks":23,"minecraft:egg":1,"minecraft:furnace":1,"minecraft:stick":11,"minecraft:raw_iron":29,"minecraft:torch":8,"minecraft:porkchop":15,"minecraft:jungle_planks":4,"minecraft:white_bed":4,"minecraft:rotten_flesh":1,"minecraft:gray_wool":1,"minecraft:oak_sapling":1,"minecraft:mutton":16,"minecraft:coal":106,"minecraft:white_wool":8,"minecraft:cobblestone":34},"minecraft:mined":{"minecraft:white_bed":2,"minecraft:crafting_table":4,"minecraft:torch":3,"minecraft:grass_block":6,"minecraft:jungle_log":7,"minecraft:deepslate_gold_ore":2,"minecraft:oak_planks":24,"minecraft:sugar_cane":14,"minecraft:wall_torch":4,"minecraft:furnace":1,"minecraft:iron_ore":13,"minecraft:deepslate_lapis_ore":1,"minecraft:grass":26,"minecraft:coal_ore":106,"minecraft:oak_log":4,"minecraft:deepslate_iron_ore":16,"minecraft:vine":2,"minecraft:dirt":13,"minecraft:stone":34,"minecraft:gold_ore":5,"minecraft:deepslate":2,"minecraft:oak_leaves":8,"minecraft:fern":3},"minecraft:custom":{"minecraft:interact_with_furnace":11,"minecraft:mob_kills":34,"minecraft:interact_with_crafting_table":13,"minecraft:leave_game":13,"minecraft:time_since_death":47326,"minecraft:sleep_in_bed":7,"minecraft:climb_one_cm":811,"minecraft:time_since_rest":8938,"minecraft:sprint_one_cm":85257,"minecraft:damage_taken":180,"minecraft:walk_one_cm":68394,"minecraft:drop":18,"minecraft:damage_dealt":3167,"minecraft:swim_one_cm":876,"minecraft:fly_one_cm":122284,"minecraft:crouch_one_cm":14859,"minecraft:play_time":47326,"minecraft:sneak_time":5593,"minecraft:walk_under_water_one_cm":1523,"minecraft:jump":641,"minecraft:walk_on_water_one_cm":2571,"minecraft:total_world_time":47326,"minecraft:fall_one_cm":22101},"minecraft:dropped":{"minecraft:stone_axe":1,"minecraft:rotten_flesh":1,"minecraft:oak_planks":10,"minecraft:jungle_planks":2,"minecraft:white_bed":3,"minecraft:stick":8,"minecraft:shield":1,"minecraft:wooden_pickaxe":1,"minecraft:stone_pickaxe":1},"minecraft:crafted":{"minecraft:oak_planks":16,"minecraft:crafting_table":2,"minecraft:wooden_pickaxe":1,"minecraft:iron_sword":1,"minecraft:furnace":2,"minecraft:stone_axe":2,"minecraft:cooked_mutton":10,"minecraft:air":0,"minecraft:jungle_planks":28,"minecraft:iron_boots":1,"minecraft:shield":2,"minecraft:iron_axe":1,"minecraft:stick":20,"minecraft:iron_ingot":14,"minecraft:iron_pickaxe":1,"minecraft:stone_pickaxe":2,"minecraft:white_bed":2,"minecraft:torch":12}},"DataVersion":2975}